countyFIPS,County Name,State,Population,Vaccinated,% with Bachelor's,Percent Democrat,Number of Cases,Case Percentage,Metro Status
1003,Baldwin County,Alabama,223234,0.438,0.106210988,0.2240903,37192,0.166605445,Metro
1015,Calhoun County,Alabama,113605,0.407,0.086878942,0.298452425,22205,0.195457946,Metro
1043,Cullman County,Alabama,83768,0.345,0.047050901,0.106998638,15383,0.183638143,Non-metro
1049,DeKalb County,Alabama,71513,0.294,0.052873708,0.145830495,12622,0.176499378,Non-metro
1051,Elmore County,Alabama,81209,0.38,0.088774157,0.252668779,15161,0.18669113,Metro
1055,Etowah County,Alabama,102268,0.362,0.076691813,0.242352497,19811,0.19371651,Metro
1069,Houston County,Alabama,105882,0.376,0.083687924,0.279752236,17345,0.163814435,Metro
1073,Jefferson County,Alabama,658573,0.505,0.126852782,0.557585132,114550,0.173936678,Metro
1077,Lauderdale County,Alabama,92729,0.41,0.089886586,0.26872505,14225,0.153404005,Metro
1081,Lee County,Alabama,164542,0.343,0.154510249,0.38992848,23195,0.140967048,Metro
1083,Limestone County,Alabama,98915,0.324,0.090896507,0.277688636,15298,0.15465804,Metro
1089,Madison County,Alabama,372909,0.529,0.162989261,0.448156002,52172,0.139905446,Metro
1095,Marshall County,Alabama,96774,0.396,0.069823845,0.149867608,18317,0.189276045,Non-metro
1097,Mobile County,Alabama,413210,0.427,0.082611274,0.433895307,72460,0.175358776,Metro
1101,Montgomery County,Alabama,226486,0.452,0.131817034,0.650894199,34067,0.150415478,Metro
1103,Morgan County,Alabama,119679,0.383,0.05753338,0.246342281,20754,0.173413882,Metro
1115,St. Clair County,Alabama,89512,0.346,0.053262467,0.174253505,15983,0.178557065,Metro
1117,Shelby County,Alabama,217702,0.318,0.155837248,0.289412788,37533,0.172405398,Metro
1121,Talladega County,Alabama,79978,0.324,0.054099265,0.368393012,13802,0.172572457,Non-metro
1125,Tuscaloosa County,Alabama,209355,0.384,0.133833607,0.418810717,35044,0.167390318,Metro
1127,Walker County,Alabama,63521,0.418,0.042687959,0.155085018,11162,0.175721415,Metro
4001,Apache County,Arizona,71887,0.723,0.038364893,0.662052696,13646,0.189825699,Non-metro
4003,Cochise County,Arizona,125922,0.538,0.107014088,0.392439601,15366,0.122027922,Metro
4005,Coconino County,Arizona,143476,0.678,0.156055231,0.60941292,22577,0.157357328,Metro
4013,Maricopa County,Arizona,4485414,0.492,0.116555698,0.502916923,724731,0.161575052,Metro
4015,Mohave County,Arizona,212181,0.36,0.054874669,0.237151998,32794,0.154556723,Metro
4017,Navajo County,Arizona,110924,0.614,0.073509887,0.451557461,20827,0.187759186,Non-metro
4019,Pima County,Arizona,1047279,0.589,0.140161272,0.585674095,140933,0.134570635,Metro
4021,Pinal County,Arizona,462789,0.456,0.068289585,0.405897199,72200,0.156010623,Metro
4025,Yavapai County,Arizona,235099,0.402,0.102723258,0.34618928,27688,0.117771662,Metro
4027,Yuma County,Arizona,213787,0.576,0.053667195,0.460629809,41281,0.193094061,Metro
5007,Benton County,Arkansas,279141,0.453,0.107528301,0.352333378,41807,0.149770188,Metro
5031,Craighead County,Arkansas,110332,0.385,0.106388196,0.309547921,21421,0.194150382,Metro
5045,Faulkner County,Arkansas,126007,0.432,0.12850618,0.337087528,19449,0.154348568,Metro
5051,Garland County,Arkansas,99386,0.403,0.0677819,0.31776737,15911,0.160092971,Metro
5069,Jefferson County,Arkansas,66824,0.368,0.059732035,0.595476588,12293,0.183960852,Metro
5085,Lonoke County,Arkansas,73309,0.423,0.05827889,0.218054921,11879,0.162040131,Metro
5119,Pulaski County,Arkansas,391911,0.504,0.143519487,0.599843489,58446,0.149130798,Metro
5125,Saline County,Arkansas,122437,0.436,0.091239726,0.281957197,18432,0.150542728,Metro
5131,Sebastian County,Arkansas,127827,0.433,0.073672946,0.307318625,22211,0.173758283,Metro
5143,Washington County,Arkansas,239187,0.475,0.124638406,0.464897206,44348,0.185411414,Metro
5145,White County,Arkansas,78753,0.4,0.083167777,0.193556743,13132,0.166749203,Non-metro
6001,Alameda County,California,1671329,0.705,0.195447913,0.80229625,117644,0.070389492,Metro
6007,Butte County,California,219186,0.467,0.099225022,0.494169068,20021,0.091342513,Metro
6013,Contra Costa County,California,1153526,0.706,0.155070527,0.716387661,97719,0.084713305,Metro
6017,El Dorado County,California,192843,0.557,0.114807477,0.444479843,15502,0.080386636,Metro
6019,Fresno County,California,999101,0.512,0.066254418,0.529112494,134025,0.134145597,Metro
6023,Humboldt County,California,135558,0.577,0.121308668,0.650432963,8725,0.064363593,Non-metro
6025,Imperial County,California,181215,0.687,0.046605066,0.61141084,32700,0.180448638,Metro
6029,Kern County,California,900202,0.435,0.055938293,0.436941807,122626,0.136220537,Metro
6031,Kings County,California,152940,0.38,0.037917593,0.426353231,30803,0.20140578,Metro
6033,Lake County,California,64386,0.519,0.041808074,0.518784722,6475,0.10056534,Non-metro
6037,Los Angeles County,California,10039107,0.61,0.111409884,0.710431686,1414701,0.140919008,Metro
6039,Madera County,California,157327,0.447,0.046682157,0.431257213,21981,0.13971537,Metro
6041,Marin County,California,258826,0.776,0.257505153,0.823409349,17245,0.066627773,Metro
6045,Mendocino County,California,86749,0.593,0.099119889,0.664159129,7189,0.082871272,Non-metro
6047,Merced County,California,277680,0.425,0.046793333,0.541091881,40683,0.146510372,Metro
6053,Monterey County,California,434061,0.595,0.09877279,0.695331425,47430,0.109270356,Metro
6055,Napa County,California,137744,0.673,0.127791186,0.69073237,12772,0.092722732,Metro
6057,Nevada County,California,99755,0.56,0.142987096,0.561633044,8831,0.088526891,Non-metro
6059,Orange County,California,3175692,0.625,0.14222859,0.534925167,301955,0.095083213,Metro
6061,Placer County,California,398329,0.586,0.128153615,0.454728807,35729,0.08969721,Metro
6065,Riverside County,California,2470546,0.501,0.079037415,0.529982252,354254,0.143390975,Metro
6067,Sacramento County,California,1552058,0.576,0.10579695,0.613690849,154820,0.099751427,Metro
6071,San Bernardino County,California,2180085,0.485,0.06858853,0.542088471,347172,0.159247002,Metro
6073,San Diego County,California,3338330,0.511,0.150389793,0.60225807,365698,0.109545192,Metro
6075,City and County of San Francisco,California,881549,0.743,0.227011138,0.852743665,51748,0.058701218,Metro
6077,San Joaquin County,California,762148,0.52,0.057325734,0.558644169,97238,0.127584144,Metro
6079,San Luis Obispo County,California,283111,0.529,0.147779759,0.553040124,28716,0.101430181,Metro
6081,San Mateo County,California,766573,0.725,0.230088559,0.778883727,52656,0.068690131,Metro
6083,Santa Barbara County,California,446499,0.608,0.140822048,0.648880612,43489,0.097399994,Metro
6085,Santa Clara County,California,1927852,0.75,0.247418179,0.726573798,144111,0.074752108,Metro
6087,Santa Cruz County,California,273213,0.691,0.163902165,0.789013509,19951,0.073023612,Metro
6089,Shasta County,California,180080,0.427,0.077828827,0.322927879,20309,0.112777654,Metro
6095,Solano County,California,447643,0.567,0.082507982,0.63954895,44808,0.100097622,Metro
6097,Sonoma County,California,494336,0.679,0.132555165,0.745336475,40395,0.081715675,Metro
6099,Stanislaus County,California,550660,0.49,0.054575675,0.492567807,76612,0.139127592,Metro
6101,Sutter County,California,96971,0.507,0.051563503,0.407293621,13587,0.140114055,Metro
6107,Tulare County,California,466195,0.436,0.04218125,0.450208401,65413,0.14031253,Metro
6111,Ventura County,California,846006,0.625,0.115654407,0.594722473,96535,0.114106756,Metro
6113,Yolo County,California,220500,0.601,0.18663972,0.694995065,19236,0.087238095,Metro
6115,Yuba County,California,78668,0.436,0.03928557,0.377010105,9780,0.124319927,Metro
8001,Adams County,Colorado,517421,0.585,0.067029628,0.566887026,74125,0.143258584,Metro
8005,Arapahoe County,Colorado,656590,0.587,0.152468422,0.609986778,77979,0.118763612,Metro
8013,Boulder County,Colorado,326196,0.692,0.279537113,0.771860793,30158,0.092453617,Metro
8014,City and County of Broomfield,Colorado,70465,0.712,0.189461408,0.623541774,6538,0.092783651,Metro
8031,City and County of Denver,Colorado,727211,0.663,0.192223597,0.795509196,89724,0.123380972,Metro
8035,Douglas County,Colorado,351154,0.641,0.202510996,0.451871554,39432,0.112292612,Metro
8041,El Paso County,Colorado,720403,0.541,0.156318275,0.427455266,98645,0.136930302,Metro
8059,Jefferson County,Colorado,582881,0.69,0.168016843,0.578751686,61579,0.105645921,Metro
8069,Larimer County,Colorado,356899,0.604,0.199947892,0.562187414,37986,0.106433473,Metro
8077,Mesa County,Colorado,154210,0.437,0.085574762,0.347994968,23324,0.151248298,Metro
8101,Pueblo County,Colorado,168424,0.489,0.072683537,0.495724753,24342,0.144528096,Metro
8123,Weld County,Colorado,324492,0.522,0.085480171,0.395644674,45129,0.139075848,Metro
9001,Fairfield County,Connecticut,943332,0.717,0.211622216,0.628987928,112061,0.118792747,Metro
9003,Hartford County,Connecticut,891720,0.672,0.168167606,0.630637207,97941,0.109833804,Metro
9005,Litchfield County,Connecticut,180333,0.689,0.150688346,0.466450941,17005,0.094297771,Non-metro
9007,Middlesex County,Connecticut,162436,0.755,0.166203013,0.573047186,14821,0.091242089,Metro
9009,New Haven County,Connecticut,854757,0.687,0.157639515,0.580479927,104865,0.122683991,Metro
9011,New London County,Connecticut,265206,0.706,0.155622714,0.569174236,27248,0.102742774,Metro
9013,Tolland County,Connecticut,150721,0.605,0.17605663,0.546346187,11297,0.074953059,Metro
9015,Windham County,Connecticut,116782,0.571,0.091912943,0.467806647,13188,0.112928362,Metro
10001,Kent County,Delaware,180786,0.474,0.088038463,0.511944843,25524,0.141183499,Metro
10003,New Castle County,Delaware,558753,0.59,0.150985369,0.678065451,80529,0.144122716,Metro
10005,Sussex County,Delaware,234225,0.592,0.129610308,0.438199641,34874,0.148891024,Metro
11001,District of Columbia,District of Columbia,705749,0.586,0.334295026,0.921496939,63474,0.089938491,Metro
12001,Alachua County,Florida,269043,0.595,0.204316351,0.629042664,39153,0.145526923,Metro
12005,Bay County,Florida,174705,0.445,0.084993236,0.275348297,31587,0.180801923,Metro
12009,Brevard County,Florida,601942,0.57,0.115610209,0.41176226,80128,0.133115815,Metro
12011,Broward County,Florida,1952778,0.627,0.121751101,0.646100126,354108,0.181335513,Metro
12015,Charlotte County,Florida,188910,0.591,0.08105439,0.363357401,22972,0.12160288,Metro
12017,Citrus County,Florida,149657,0.517,0.056600534,0.290661746,20261,0.135382909,Metro
12019,Clay County,Florida,219252,0.436,0.07571316,0.30800209,33642,0.153439877,Metro
12021,Collier County,Florida,384902,0.636,0.145602003,0.373504701,56373,0.146460658,Metro
12023,Columbia County,Florida,71686,0.376,0.04337966,0.269777858,14809,0.20658148,Non-metro
12031,Duval County,Florida,957755,0.536,0.095683072,0.512471085,163590,0.170805686,Metro
12033,Escambia County,Florida,318316,0.475,0.092168629,0.416318409,53282,0.167387125,Metro
12035,Flagler County,Florida,115081,0.572,0.092972585,0.39267388,14254,0.123860585,Metro
12053,Hernando County,Florida,193920,0.488,0.066922074,0.344457502,28203,0.145436262,Metro
12055,Highlands County,Florida,106221,0.459,0.067612835,0.32466935,15716,0.147955677,Metro
12057,Hillsborough County,Florida,1471968,0.537,0.118890427,0.528558569,237669,0.161463429,Metro
12061,Indian River County,Florida,159923,0.604,0.110882448,0.388207296,22036,0.137791312,Metro
12069,Lake County,Florida,367118,0.595,0.092338862,0.395170221,53868,0.146732113,Metro
12071,Lee County,Florida,770577,0.557,0.103949535,0.400343743,123984,0.160897613,Metro
12073,Leon County,Florida,293582,0.508,0.210366748,0.635350367,50205,0.171008441,Metro
12081,Manatee County,Florida,403253,0.549,0.119870065,0.415591958,64348,0.159572278,Metro
12083,Marion County,Florida,365579,0.512,0.073946098,0.366275884,56318,0.154051518,Metro
12085,Martin County,Florida,161000,0.576,0.099669599,0.373690821,19952,0.123925466,Metro
12086,Miami-Dade County,Florida,2716940,0.745,0.104623672,0.534107412,667933,0.245840173,Metro
12087,Monroe County,Florida,74228,0.693,0.117197913,0.455578921,10381,0.139852886,Non-metro
12089,Nassau County,Florida,88625,0.52,0.122464796,0.264644369,14931,0.168473907,Metro
12091,Okaloosa County,Florida,210738,0.513,0.115098939,0.294295068,34174,0.162163445,Metro
12095,Orange County,Florida,1393452,0.607,0.112352444,0.610151637,226228,0.162350766,Metro
12097,Osceola County,Florida,375751,0.63,0.056723674,0.564249925,70989,0.188925645,Metro
12099,Palm Beach County,Florida,1496770,0.595,0.138024325,0.560780591,223197,0.149119103,Metro
12101,Pasco County,Florida,553947,0.519,0.077515192,0.394320628,78642,0.14196665,Metro
12103,Pinellas County,Florida,974996,0.585,0.111616955,0.495698704,133436,0.136857997,Metro
12105,Polk County,Florida,724777,0.498,0.067384834,0.422567996,127470,0.175874786,Metro
12107,Putnam County,Florida,74521,0.359,0.045583066,0.289417975,12708,0.170529113,Non-metro
12109,St. Johns County,Florida,264672,0.627,0.161718786,0.361506494,40360,0.15249063,Metro
12111,St. Lucie County,Florida,328297,0.516,0.072886181,0.48868844,47433,0.144481978,Metro
12113,Santa Rosa County,Florida,184313,0.443,0.097630442,0.258229837,32164,0.174507495,Metro
12115,Sarasota County,Florida,433742,0.636,0.140944144,0.443906495,54899,0.126570634,Metro
12117,Seminole County,Florida,471826,0.552,0.128795619,0.508130284,61582,0.130518454,Metro
12119,Sumter County,Florida,132420,0.746,0.124642332,0.317251446,14369,0.108510799,Metro
12127,Volusia County,Florida,553284,0.537,0.084073795,0.424718399,74698,0.135008422,Metro
12131,Walton County,Florida,74071,0.418,0.115048085,0.236507973,11824,0.159630625,Metro
13013,Barrow County,Georgia,83240,0.191,0.063055765,0.275652013,12924,0.155261893,Metro
13015,Bartow County,Georgia,107738,0.159,0.07065875,0.239596544,15337,0.142354601,Metro
13021,Bibb County,Georgia,153159,0.236,0.107098644,0.613852985,20106,0.131275341,Metro
13031,Bulloch County,Georgia,79608,0.258,0.119621873,0.373811898,7892,0.099135765,Non-metro
13045,Carroll County,Georgia,119992,0.224,0.079205941,0.298061389,9935,0.082797186,Metro
13047,Catoosa County,Georgia,67580,0.175,0.053840277,0.212683705,8267,0.122329091,Metro
13051,Chatham County,Georgia,289430,0.436,0.134308313,0.586524047,32829,0.11342639,Metro
13057,Cherokee County,Georgia,258773,0.296,0.124048582,0.295404482,30857,0.119243507,Metro
13059,Clarke County,Georgia,128331,0.23,0.220668598,0.702196861,17291,0.134737515,Metro
13063,Clayton County,Georgia,292256,0.202,0.056534043,0.849870916,34788,0.119032629,Metro
13067,Cobb County,Georgia,760141,0.385,0.170646773,0.563452434,83992,0.11049529,Metro
13073,Columbia County,Georgia,156714,0.259,0.132877213,0.362792429,14595,0.093131437,Metro
13077,Coweta County,Georgia,148509,0.273,0.088056325,0.31523848,12611,0.084917412,Metro
13089,DeKalb County,Georgia,759297,0.313,0.182437323,0.831194403,79326,0.104472953,Metro
13095,Dougherty County,Georgia,87956,0.232,0.123043554,0.69623374,9037,0.102744554,Metro
13097,Douglas County,Georgia,146343,0.28,0.112350471,0.619540995,17441,0.119178915,Metro
13113,Fayette County,Georgia,114421,0.34,0.1804776,0.459232714,9623,0.084101695,Metro
13115,Floyd County,Georgia,98498,0.172,0.085213033,0.288261048,15345,0.155789965,Metro
13117,Forsyth County,Georgia,244252,0.223,0.191769287,0.32640688,26530,0.10861733,Metro
13121,Fulton County,Georgia,1063937,0.291,0.203467679,0.725901573,110706,0.104053154,Metro
13127,Glynn County,Georgia,85292,0.446,0.115909129,0.378250929,12321,0.14445669,Metro
13135,Gwinnett County,Georgia,936250,0.305,0.126199816,0.584494098,111187,0.11875781,Metro
13139,Hall County,Georgia,204441,0.291,0.101784035,0.276494693,33742,0.165045172,Metro
13151,Henry County,Georgia,234561,0.207,0.101594274,0.59710727,28729,0.122479867,Metro
13153,Houston County,Georgia,157863,0.349,0.107908535,0.430783826,15902,0.100732914,Metro
13157,Jackson County,Georgia,72977,0.242,0.083882886,0.20284008,12777,0.17508256,Non-metro
13185,Lowndes County,Georgia,117406,0.263,0.119082601,0.433955345,10905,0.092882817,Metro
13215,Muscogee County,Georgia,195769,0.318,0.085110613,0.61412922,20659,0.105527433,Metro
13217,Newton County,Georgia,111744,0.174,0.098342493,0.549267987,11043,0.098824098,Metro
13223,Paulding County,Georgia,168667,0.197,0.081819596,0.34783067,16270,0.09646226,Metro
13245,Richmond County,Georgia,202518,0.334,0.077994111,0.679458447,26376,0.130240275,Metro
13247,Rockdale County,Georgia,90896,0.178,0.101400433,0.699111479,8893,0.097837089,Metro
13255,Spalding County,Georgia,66703,0.158,0.065212966,0.391513025,6712,0.100625159,Metro
13285,Troup County,Georgia,69922,0.208,0.068324223,0.385296369,8489,0.12140671,Non-metro
13295,Walker County,Georgia,69761,0.229,0.070279389,0.196566056,9395,0.134674102,Metro
13297,Walton County,Georgia,94593,0.226,0.049688835,0.248233613,10972,0.11599167,Metro
13313,Whitfield County,Georgia,104628,0.22,0.061492886,0.290485775,19117,0.182713996,Metro
15001,Hawaii County,Hawaii,201513,0,0.098025973,0.668811351,10768,0.053435758,Non-metro
15003,City and County of Honolulu,Hawaii,974563,0,0.119819397,0.625124963,57211,0.05870426,Metro
15007,Kauai County,Hawaii,72293,0,0.098154065,0.633638833,2508,0.034692156,Non-metro
15009,Maui County,Hawaii,167417,0,0.08905953,0.665854963,9794,0.05850063,Metro
16001,Ada County,Idaho,481587,0.514,0.126463198,0.464703592,78630,0.16327268,Metro
16005,Bannock County,Idaho,87808,0.413,0.085691646,0.371198139,12991,0.147947795,Metro
16019,Bonneville County,Idaho,119062,0.413,0.0825485,0.263987406,19263,0.161789656,Metro
16027,Canyon County,Idaho,229849,0.358,0.048449889,0.286173953,40657,0.176885695,Metro
16055,Kootenai County,Idaho,165697,0.378,0.071132628,0.270500011,27695,0.167142435,Metro
16083,Twin Falls County,Idaho,86878,0.393,0.060705857,0.256025082,15590,0.179447041,Non-metro
17001,Adams County,Illinois,65435,0.45,0.119118381,0.25749396,13167,0.201222587,Non-metro
17019,Champaign County,Illinois,209689,0.539,0.231188731,0.597135024,27034,0.128924264,Metro
17031,Cook County,Illinois,5150233,0.566,0.155748227,0.743505533,635373,0.123367817,Metro
17037,DeKalb County,Illinois,104897,0.444,0.108815536,0.513513514,12169,0.116009037,Metro
17043,DuPage County,Illinois,922921,0.62,0.198575278,0.57976267,108322,0.117368659,Metro
17089,Kane County,Illinois,532403,0.523,0.109661109,0.561360382,68469,0.128603708,Metro
17091,Kankakee County,Illinois,109862,0.413,0.076106097,0.405104019,17943,0.163323078,Metro
17093,Kendall County,Illinois,128990,0.529,0.10710484,0.516595281,16221,0.125753934,Metro
17097,Lake County,Illinois,696535,0.599,0.190448718,0.610589066,80107,0.11500786,Metro
17099,LaSalle County,Illinois,108669,0.462,0.066889068,0.418046681,15052,0.138512363,Non-metro
17111,McHenry County,Illinois,307774,0.531,0.111435348,0.474875135,34762,0.112946513,Metro
17113,McLean County,Illinois,171517,0.518,0.134066732,0.502729176,23033,0.134289895,Metro
17115,Macon County,Illinois,104009,0.43,0.079946996,0.401866888,15321,0.14730456,Metro
17119,Madison County,Illinois,262966,0.49,0.108722024,0.420448102,40130,0.15260528,Metro
17143,Peoria County,Illinois,179179,0.514,0.133692797,0.51895252,26956,0.150441737,Metro
17161,Rock Island County,Illinois,141879,0.479,0.086660361,0.549126719,18872,0.133014752,Metro
17163,St. Clair County,Illinois,259686,0.5,0.124199881,0.533355711,36293,0.139757245,Metro
17167,Sangamon County,Illinois,194672,0.553,0.127631839,0.466983609,25767,0.1323611,Metro
17179,Tazewell County,Illinois,131803,0.506,0.087669848,0.359429987,20666,0.15679461,Metro
17183,Vermilion County,Illinois,75758,0.333,0.053642884,0.3262436,14418,0.190316534,Metro
17197,Will County,Illinois,690743,0.536,0.110148213,0.531137911,91395,0.132314044,Metro
17199,Williamson County,Illinois,66597,0.443,0.094751914,0.302588277,12069,0.181224379,Metro
17201,Winnebago County,Illinois,282572,0.467,0.082602939,0.501573878,41117,0.145509817,Metro
18003,Allen County,Indiana,379299,0.475,0.087243015,0.432860979,57879,0.152594655,Metro
18005,Bartholomew County,Indiana,83779,0.536,0.148669629,0.356947702,11626,0.138769859,Metro
18011,Boone County,Indiana,67843,0.634,0.205754702,0.395742471,8935,0.131701133,Metro
18019,Clark County,Indiana,118302,0.548,0.057905828,0.39905649,18562,0.156903518,Metro
18035,Delaware County,Indiana,114135,0.438,0.108233053,0.424851113,15061,0.131957769,Metro
18039,Elkhart County,Indiana,206341,0.382,0.074843387,0.350975305,35992,0.174429706,Metro
18043,Floyd County,Indiana,78522,0.521,0.111326455,0.418903402,11093,0.14127251,Metro
18053,Grant County,Indiana,65769,0.382,0.095145102,0.295113959,10458,0.159011084,Non-metro
18057,Hamilton County,Indiana,338011,0.643,0.226779525,0.455620905,46351,0.137128673,Metro
18059,Hancock County,Indiana,78168,0.613,0.105116079,0.300505698,11736,0.150138164,Metro
18063,Hendricks County,Indiana,170311,0.65,0.125089059,0.368385967,23921,0.140454815,Metro
18067,Howard County,Indiana,82544,0.429,0.053637225,0.327418164,14736,0.17852297,Metro
18081,Johnson County,Indiana,158167,0.528,0.11863226,0.318688964,25129,0.158876377,Metro
18085,Kosciusko County,Indiana,79456,0.371,0.075339367,0.233716154,12305,0.154865586,Non-metro
18089,Lake County,Indiana,485493,0.502,0.074763991,0.56770445,66392,0.136751714,Metro
18091,LaPorte County,Indiana,109888,0.511,0.052269778,0.454061386,15136,0.137740245,Metro
18095,Madison County,Indiana,129569,0.474,0.060772627,0.376962138,18757,0.144764566,Metro
18097,Marion County,Indiana,964582,0.497,0.119249145,0.635934079,135575,0.14055311,Metro
18105,Monroe County,Indiana,148431,0.543,0.207651043,0.631201406,15246,0.102714393,Metro
18109,Morgan County,Indiana,70489,0.49,0.057580822,0.215188473,9476,0.134432323,Metro
18127,Porter County,Indiana,170389,0.517,0.110436492,0.459443526,22914,0.134480512,Metro
18141,St. Joseph County,Indiana,271826,0.531,0.124284143,0.519759107,44348,0.163148485,Metro
18157,Tippecanoe County,Indiana,195732,0.524,0.185106544,0.490104692,27908,0.142582715,Metro
18163,Vanderburgh County,Indiana,181451,0.528,0.100826885,0.443138214,32230,0.177623711,Metro
18167,Vigo County,Indiana,107038,0.454,0.098736717,0.415722347,17462,0.163138325,Metro
18177,Wayne County,Indiana,65884,0.442,0.083102493,0.344087575,11338,0.172090341,Non-metro
19013,Black Hawk County,Iowa,131228,0.539,0.097960644,0.535296503,20335,0.154959307,Metro
19049,Dallas County,Iowa,93453,0.579,0.15301241,0.479793652,14109,0.150974287,Metro
19061,Dubuque County,Iowa,97311,0.582,0.127215022,0.475781627,15834,0.162715418,Metro
19103,Johnson County,Iowa,151140,0.645,0.266300824,0.705739943,17988,0.119015482,Metro
19113,Linn County,Iowa,226706,0.594,0.089049186,0.556057682,29194,0.128774713,Metro
19153,Polk County,Iowa,490161,0.591,0.109451268,0.565206469,74657,0.152311179,Metro
19155,Pottawattamie County,Iowa,93206,0.507,0.08397659,0.406064183,14276,0.153166105,Metro
19163,Scott County,Iowa,172943,0.531,0.119206548,0.506765732,24733,0.143012438,Metro
19169,Story County,Iowa,97117,0.565,0.2166641,0.571632901,12885,0.132675021,Metro
19193,Woodbury County,Iowa,103107,0.496,0.063673432,0.412327499,19207,0.186282212,Metro
20015,Butler County,Kansas,66911,0.414,0.101671561,0.28181932,10783,0.161154369,Metro
20045,Douglas County,Kansas,122259,0.544,0.234098629,0.685366701,12028,0.098381305,Metro
20091,Johnson County,Kansas,602401,0.65,0.218086986,0.52737946,77181,0.128122297,Metro
20103,Leavenworth County,Kansas,81758,0.531,0.128909327,0.380811297,10246,0.125321069,Metro
20161,Riley County,Kansas,74232,0.338,0.244334278,0.500523999,7725,0.104065632,Metro
20173,Sedgwick County,Kansas,516042,0.444,0.112132754,0.425282835,80231,0.155473779,Metro
20177,Shawnee County,Kansas,176875,0.541,0.124983485,0.499465874,25370,0.143434629,Metro
20209,Wyandotte County,Kansas,165429,0.481,0.052899881,0.645398951,27796,0.168023744,Metro
21015,Boone County,Kentucky,133581,0.644,0.119390672,0.311964536,20076,0.150290835,Metro
21029,Bullitt County,Kentucky,81676,0.444,0.046707422,0.25125006,11912,0.145844557,Metro
21037,Campbell County,Kentucky,93584,0.669,0.134406759,0.396374647,12318,0.131625064,Metro
21047,Christian County,Kentucky,70461,0.301,0.076518941,0.347651175,10143,0.143951973,Metro
21059,Daviess County,Kentucky,101511,0.505,0.084634529,0.350721286,16790,0.165400794,Metro
21067,Fayette County,Kentucky,323152,0.644,0.176230742,0.592497646,51299,0.15874573,Metro
21093,Hardin County,Kentucky,110958,0.573,0.091109823,0.369853497,17820,0.160601309,Metro
21111,Jefferson County,Kentucky,766757,0.603,0.138731772,0.590638571,118682,0.154784371,Metro
21117,Kenton County,Kentucky,166998,0.624,0.130751033,0.392600793,23468,0.140528629,Metro
21145,McCracken County,Kentucky,65418,0.503,0.088527571,0.333691019,10033,0.153367575,Non-metro
21151,Madison County,Kentucky,92987,0.459,0.12488147,0.35446004,15677,0.168593459,Non-metro
21185,Oldham County,Kentucky,66799,0.546,0.175454631,0.381951759,10077,0.150855552,Metro
21227,Warren County,Kentucky,132896,0.425,0.120916155,0.405750799,25483,0.191751445,Metro
22005,Ascension Parish,Louisiana,126604,0.446,0.080812037,0.327300441,21700,0.171400588,Metro
22015,Bossier Parish,Louisiana,127039,0.424,0.081981502,0.286561156,21613,0.170128858,Metro
22017,Caddo Parish,Louisiana,240204,0.424,0.092109285,0.525297392,39227,0.163307022,Metro
22019,Calcasieu Parish,Louisiana,203436,0.368,0.07032472,0.314312328,34290,0.168554238,Metro
22033,East Baton Rouge Parish,Louisiana,440059,0.496,0.13492553,0.555172878,63606,0.144539709,Metro
22045,Iberia Parish,Louisiana,69830,0.407,0.030739694,0.337083117,12395,0.177502506,Metro
22051,Jefferson Parish,Louisiana,432493,0.577,0.093508697,0.436048582,69295,0.160222246,Metro
22055,Lafayette Parish,Louisiana,244390,0.445,0.106217054,0.346530331,38623,0.158038381,Metro
22057,Lafourche Parish,Louisiana,97614,0.395,0.054868857,0.191063717,17810,0.182453337,Metro
22063,Livingston Parish,Louisiana,140789,0.351,0.046632295,0.141790587,24412,0.173394228,Metro
22071,Orleans Parish,Louisiana,390144,0.61,0.152758686,0.831485949,46574,0.119376435,Metro
22073,Ouachita Parish,Louisiana,153279,0.397,0.063298525,0.374649394,31374,0.204685573,Metro
22079,Rapides Parish,Louisiana,129648,0.433,0.078980994,0.330841757,21110,0.162825497,Metro
22097,St. Landry Parish,Louisiana,82124,0.365,0.04974838,0.422121786,13983,0.170266913,Non-metro
22103,St. Tammany Parish,Louisiana,260419,0.508,0.124969835,0.269402612,43370,0.166539308,Metro
22105,Tangipahoa Parish,Louisiana,134758,0.407,0.053843832,0.327552418,22674,0.168257172,Metro
22109,Terrebonne Parish,Louisiana,110461,0.395,0.043339541,0.24217128,19308,0.174794724,Metro
23001,Androscoggin County,Maine,108277,0.608,0.078576783,0.470420904,10519,0.097148979,Metro
23003,Aroostook County,Maine,67055,0.613,0.067329227,0.390421306,3751,0.055939154,Non-metro
23005,Cumberland County,Maine,295003,0.77,0.181935326,0.664511135,21528,0.072975529,Metro
23011,Kennebec County,Maine,122302,0.628,0.106175242,0.485707924,9537,0.077979101,Non-metro
23019,Penobscot County,Maine,152148,0.631,0.115634789,0.442282658,11893,0.078167311,Metro
23031,York County,Maine,207641,0.71,0.115388718,0.549047887,17609,0.084805024,Metro
24001,Allegany County,Maryland,70416,0.492,0.072029411,0.298880585,9623,0.136659282,Metro
24003,Anne Arundel County,Maryland,579234,0.68,0.171423658,0.558183175,52401,0.090466029,Metro
24005,Baltimore County,Maryland,827370,0.635,0.165835834,0.622774334,76039,0.091904468,Metro
24009,Calvert County,Maryland,92525,0.605,0.131759184,0.459907965,5600,0.060524183,Metro
24013,Carroll County,Maryland,168447,0.655,0.131012216,0.363371774,11614,0.068947503,Metro
24015,Cecil County,Maryland,102855,0.514,0.104509329,0.35415701,8676,0.084351757,Metro
24017,Charles County,Maryland,163257,0.581,0.124995359,0.694663568,14336,0.087812467,Metro
24021,Frederick County,Maryland,259547,0.669,0.181066501,0.533427188,23944,0.092253041,Metro
24025,Harford County,Maryland,255441,0.626,0.148417725,0.425782463,20426,0.079963671,Metro
24027,Howard County,Maryland,325690,0.743,0.309760993,0.707044608,22478,0.069016549,Metro
24031,Montgomery County,Maryland,1050688,0.767,0.308391377,0.786088061,81768,0.077823293,Metro
24033,Prince George's County,Maryland,909327,0.624,0.139523394,0.892558638,99077,0.108956404,Metro
24037,St. Mary's County,Maryland,113510,0.587,0.134065756,0.41566514,9672,0.085208352,Metro
24043,Washington County,Maryland,151049,0.516,0.098964272,0.384248809,19213,0.127197135,Metro
24045,Wicomico County,Maryland,103609,0.495,0.114041054,0.477194045,10910,0.105299733,Metro
24510,Baltimore City,Maryland,593490,0.561,0.155586596,0.87281701,61003,0.102786905,Metro
25001,Barnstable County,Massachusetts,212990,0.052,0.196398564,0.611967404,17534,0.082323114,Metro
25003,Berkshire County,Massachusetts,124944,0.503,0.152725112,0.72441331,8656,0.069279037,Metro
25005,Bristol County,Massachusetts,565217,0.57,0.106431274,0.549189162,80371,0.142194945,Metro
25009,Essex County,Massachusetts,789034,0.645,0.155466541,0.634358159,111974,0.141912769,Metro
25011,Franklin County,Massachusetts,70180,0.599,0.181792421,0.707287201,3397,0.048404104,Non-metro
25013,Hampden County,Massachusetts,466372,0.571,0.106509414,0.577274415,64976,0.139322258,Metro
25015,Hampshire County,Massachusetts,160830,0.587,0.223932293,0.721219296,11538,0.071740347,Metro
25017,Middlesex County,Massachusetts,1611699,0.699,0.287873508,0.714697126,157580,0.097772599,Metro
25021,Norfolk County,Massachusetts,706775,0.689,0.24534274,0.670291428,64003,0.090556401,Metro
25023,Plymouth County,Massachusetts,521202,0.609,0.139224094,0.575284279,58587,0.112407473,Metro
25025,Suffolk County,Massachusetts,803907,0.642,0.204506122,0.806416226,106851,0.132914628,Metro
25027,Worcester County,Massachusetts,830622,0.608,0.141764336,0.575844764,94601,0.113891758,Metro
26005,Allegan County,Michigan,118081,0.468,0.076667942,0.364399201,14391,0.121873968,Non-metro
26017,Bay County,Michigan,103126,0.521,0.07693842,0.434005477,14494,0.140546516,Metro
26021,Berrien County,Michigan,153401,0.506,0.102964925,0.454394291,18966,0.123636743,Metro
26025,Calhoun County,Michigan,134159,0.465,0.082782175,0.435675382,18436,0.137419033,Metro
26037,Clinton County,Michigan,79595,0.521,0.138165073,0.458363762,9808,0.123223821,Metro
26045,Eaton County,Michigan,110268,0.518,0.129850354,0.486560853,12905,0.117033047,Metro
26049,Genesee County,Michigan,405813,0.454,0.076866083,0.539347669,50989,0.125646542,Metro
26055,Grand Traverse County,Michigan,93088,0.623,0.154870504,0.476177037,8693,0.093384754,Non-metro
26065,Ingham County,Michigan,292406,0.522,0.179340779,0.651760636,30444,0.104115511,Metro
26073,Isabella County,Michigan,69872,0.407,0.133628797,0.478297814,8743,0.125128807,Non-metro
26075,Jackson County,Michigan,158510,0.478,0.072023013,0.395679005,20178,0.127297962,Metro
26077,Kalamazoo County,Michigan,265066,0.555,0.160190899,0.58352741,29082,0.109716071,Metro
26081,Kent County,Michigan,656955,0.554,0.123536864,0.520470962,91500,0.139278946,Metro
26087,Lapeer County,Michigan,87607,0.43,0.048050482,0.310864198,11386,0.129966783,Metro
26091,Lenawee County,Michigan,98451,0.48,0.077426833,0.391906323,12720,0.129201329,Non-metro
26093,Livingston County,Michigan,191995,0.555,0.124557732,0.379096991,22571,0.117560353,Metro
26099,Macomb County,Michigan,873972,0.518,0.086915092,0.45310932,119240,0.136434577,Metro
26103,Marquette County,Michigan,66699,0.592,0.09256473,0.546286904,6957,0.104304412,Non-metro
26111,Midland County,Michigan,83156,0.54,0.143501759,0.417474739,10072,0.121121747,Metro
26115,Monroe County,Michigan,150500,0.509,0.068807946,0.378379309,20026,0.133063123,Metro
26121,Muskegon County,Michigan,173566,0.496,0.054964043,0.493736749,20811,0.119902515,Metro
26125,Oakland County,Michigan,1257584,0.608,0.208607932,0.563571671,143461,0.114076674,Metro
26139,Ottawa County,Michigan,291830,0.521,0.107780873,0.383521128,40542,0.138923346,Metro
26145,Saginaw County,Michigan,190539,0.48,0.077684987,0.494325054,26703,0.140144537,Metro
26147,St. Clair County,Michigan,159128,0.456,0.075613999,0.340665189,21951,0.137945553,Metro
26155,Shiawassee County,Michigan,68122,0.468,0.062445251,0.391265552,8467,0.124291712,Non-metro
26159,Van Buren County,Michigan,75677,0.508,0.064301811,0.430118261,9068,0.119825046,Metro
26161,Washtenaw County,Michigan,367601,0.656,0.292983449,0.726076389,32745,0.08907756,Metro
26163,Wayne County,Michigan,1749343,0.481,0.094075282,0.684459849,196075,0.112084937,Metro
27003,Anoka County,Minnesota,356921,0.502,0.093520517,0.477866927,53854,0.15088493,Metro
27013,Blue Earth County,Minnesota,67653,0.534,0.140773045,0.508446368,9645,0.14256574,Metro
27019,Carver County,Minnesota,105089,0.567,0.15267164,0.463736231,13612,0.129528305,Metro
27037,Dakota County,Minnesota,429021,0.596,0.132067947,0.5572926,56954,0.132753408,Metro
27053,Hennepin County,Minnesota,1265843,0.641,0.188486542,0.704556668,153348,0.121142985,Metro
27109,Olmsted County,Minnesota,158293,0.662,0.195241487,0.541565903,18125,0.114502852,Metro
27123,Ramsey County,Minnesota,550321,0.614,0.175016905,0.714987989,63323,0.115065571,Metro
27131,Rice County,Minnesota,66972,0.56,0.094142655,0.487642213,9966,0.148808457,Non-metro
27137,St. Louis County,Minnesota,199070,0.583,0.093849993,0.566413734,23627,0.118686894,Metro
27139,Scott County,Minnesota,149013,0.593,0.12874083,0.455181038,21603,0.144973928,Metro
27141,Sherburne County,Minnesota,97238,0.386,0.065826104,0.324839963,15480,0.159197022,Metro
27145,Stearns County,Minnesota,161075,0.497,0.100992135,0.375776507,28397,0.176296756,Metro
27163,Washington County,Minnesota,262440,0.594,0.154292524,0.534607221,33598,0.128021643,Metro
27171,Wright County,Minnesota,138377,0.466,0.069943879,0.344915439,21301,0.153934541,Metro
28033,DeSoto County,Mississippi,184945,0.462,0.082392049,0.370698248,32080,0.173456974,Metro
28035,Forrest County,Mississippi,74897,0.366,0.106313006,0.43356974,13447,0.179539901,Metro
28047,Harrison County,Mississippi,208080,0.469,0.090191382,0.365491333,34312,0.164898116,Metro
28049,Hinds County,Mississippi,231840,0.511,0.122489635,0.734097873,31924,0.137698413,Metro
28059,Jackson County,Mississippi,143617,0.396,0.07304916,0.318089449,24482,0.170467285,Metro
28067,Jones County,Mississippi,68098,0.376,0.083836153,0.283041441,13838,0.203207143,Non-metro
28075,Lauderdale County,Mississippi,74125,0.452,0.101402962,0.414507772,11985,0.161686341,Non-metro
28081,Lee County,Mississippi,85436,0.392,0.100422663,0.329405724,15530,0.181773491,Non-metro
28089,Madison County,Mississippi,106272,0.573,0.200864562,0.433833319,14574,0.137138663,Metro
28121,Rankin County,Mississippi,155271,0.464,0.096828636,0.266746869,21983,0.141578273,Metro
29019,Boone County,Missouri,180463,0.548,0.186554872,0.549140049,24712,0.136936657,Metro
29021,Buchanan County,Missouri,87364,0.338,0.068396069,0.367369802,13417,0.153575844,Metro
29031,Cape Girardeau County,Missouri,78871,0.436,0.111425873,0.26681214,12353,0.15662284,Metro
29037,Cass County,Missouri,105780,0.449,0.090276506,0.331870123,14238,0.134600113,Metro
29043,Christian County,Missouri,88595,0.415,0.096598615,0.237643844,12854,0.145087195,Metro
29047,Clay County,Missouri,249948,0.47,0.112754761,0.469309231,14817,0.05928033,Metro
29051,Cole County,Missouri,76745,0.48,0.102406075,0.321131321,12834,0.167229135,Metro
29071,Franklin County,Missouri,103967,0.494,0.086651021,0.271379342,14348,0.138005329,Metro
29077,Greene County,Missouri,293086,0.442,0.115752902,0.388349788,43104,0.147069461,Metro
29095,Jackson County,Missouri,703011,0.487,0.11040646,0.60001261,118350,0.168347295,Metro
29097,Jasper County,Missouri,121328,0.426,0.058216701,0.258805776,22321,0.183972372,Metro
29099,Jefferson County,Missouri,225081,0.388,0.076017027,0.321566913,31972,0.142046641,Metro
29165,Platte County,Missouri,104418,0.491,0.184505977,0.474576567,5916,0.056656898,Metro
29183,St. Charles County,Missouri,402022,0.544,0.138379578,0.403257408,55637,0.138392924,Metro
29187,St. Francois County,Missouri,67215,0.384,0.047416989,0.251562444,11908,0.177162836,Non-metro
29189,St. Louis County,Missouri,994205,0.554,0.183733323,0.611713015,122111,0.122822758,Metro
29510,City of St. Louis,Missouri,300576,0.493,0.170015006,0.82237594,32283,0.107403785,Metro
30013,Cascade County,Montana,81366,0.477,0.092989036,0.387514103,14692,0.180566822,Metro
30029,Flathead County,Montana,103806,0.372,0.099824204,0.336453251,18768,0.180798798,Non-metro
30031,Gallatin County,Montana,114434,0.518,0.159332829,0.518047184,19919,0.1740654,Non-metro
30049,Lewis and Clark County,Montana,69432,0.527,0.143268328,0.46470519,10659,0.15351711,Non-metro
30063,Missoula County,Montana,119600,0.581,0.175396956,0.602297669,15642,0.130785953,Metro
30111,Yellowstone County,Montana,161300,0.457,0.102019632,0.366006132,27340,0.16949783,Metro
31055,Douglas County,Nebraska,571327,0.575,0.136174815,0.54368265,71755,0.125593574,Metro
31109,Lancaster County,Nebraska,319090,0.596,0.142770636,0.52344242,31468,0.098617945,Metro
31153,Sarpy County,Nebraska,187196,0.556,0.144013601,0.428367969,22854,0.122085942,Metro
32003,Clark County,Nevada,2266715,0.489,0.081016073,0.536603223,336148,0.148297426,Metro
32031,Washoe County,Nevada,471519,0.571,0.108171214,0.508158101,64002,0.135735782,Metro
33005,Cheshire County,New Hampshire,76085,0.564,0.125398532,0.5769805,5645,0.074193336,Non-metro
33009,Grafton County,New Hampshire,89886,0.677,0.189351182,0.614569635,5837,0.06493781,Non-metro
33011,Hillsborough County,New Hampshire,417025,0.564,0.140037123,0.529536011,45297,0.108619387,Metro
33013,Merrimack County,New Hampshire,151391,0.627,0.138419715,0.539933472,13276,0.087693456,Non-metro
33015,Rockingham County,New Hampshire,309769,0.595,0.160278292,0.50297824,30824,0.099506406,Metro
33017,Strafford County,New Hampshire,130633,0.556,0.130351741,0.565869604,13102,0.10029625,Metro
34001,Atlantic County,New Jersey,263670,0.577,0.105299466,0.525544535,39133,0.148416581,Metro
34003,Bergen County,New Jersey,932202,0.683,0.187775047,0.57485426,118984,0.127637572,Metro
34005,Burlington County,New Jersey,445349,0.657,0.136987644,0.588596992,54104,0.121486744,Metro
34007,Camden County,New Jersey,506471,0.59,0.127123888,0.659132753,67398,0.133073759,Metro
34009,Cape May County,New Jersey,92039,0.659,0.121353642,0.413253241,12485,0.135649018,Metro
34011,Cumberland County,New Jersey,149527,0.432,0.060447711,0.523244107,20760,0.138837802,Metro
34013,Essex County,New Jersey,798975,0.605,0.144335312,0.772694759,105744,0.132349573,Metro
34015,Gloucester County,New Jersey,291636,0.544,0.122541777,0.499858751,37892,0.12992909,Metro
34017,Hudson County,New Jersey,672391,0.66,0.15439609,0.724480751,96998,0.144258326,Metro
34019,Hunterdon County,New Jersey,124371,0.619,0.224435095,0.465992701,11903,0.095705591,Metro
34021,Mercer County,New Jersey,367430,0.607,0.206729414,0.6914001,39185,0.106646164,Metro
34023,Middlesex County,New Jersey,825062,0.634,0.181019562,0.602222033,105608,0.128000078,Metro
34025,Monmouth County,New Jersey,618795,0.602,0.178300813,0.479111499,91510,0.147884194,Metro
34027,Morris County,New Jersey,491845,0.695,0.222995648,0.511373568,57559,0.117026706,Metro
34029,Ocean County,New Jersey,607186,0.484,0.102232502,0.348526314,94031,0.154863584,Metro
34031,Passaic County,New Jersey,501826,0.603,0.088968883,0.57547809,81174,0.161757262,Metro
34033,Salem County,New Jersey,62385,0.476,0.075955414,0.425327537,7728,0.123875932,Metro
34035,Somerset County,New Jersey,328934,0.664,0.246176091,0.594854755,34666,0.105388923,Metro
34037,Sussex County,New Jersey,140488,0.559,0.127052604,0.390268472,17049,0.121355561,Metro
34039,Union County,New Jersey,556341,0.609,0.139780687,0.670147732,79328,0.142588808,Metro
34041,Warren County,New Jersey,105267,0.598,0.125505,0.407832026,12003,0.114024338,Metro
35001,Bernalillo County,New Mexico,679121,0.547,0.161352119,0.61008533,74806,0.11015121,Metro
35005,Chaves County,New Mexico,64615,0.352,0.061697723,0.284320278,12557,0.194335681,Non-metro
35013,Dona Ana County,New Mexico,218195,0.543,0.097985779,0.580305175,29670,0.135979285,Metro
35025,Lea County,New Mexico,71070,0.282,0.052188796,0.194139019,13457,0.18934853,Non-metro
35031,McKinley County,New Mexico,71367,0.999,0.071562366,0.680699237,14685,0.205767371,Non-metro
35035,Otero County,New Mexico,67490,0.455,0.070878024,0.359976242,6415,0.095051119,Non-metro
35043,Sandoval County,New Mexico,146748,0.611,0.118571589,0.530132442,15791,0.107606237,Metro
35045,San Juan County,New Mexico,123958,0.667,0.049863784,0.345794929,20732,0.167250198,Metro
35049,Santa Fe County,New Mexico,150358,0.63,0.200650356,0.760455811,12978,0.086313997,Metro
35061,Valencia County,New Mexico,76688,0.473,0.056031589,0.441893608,9055,0.11807584,Metro
36001,Albany County,New York,305506,0.664,0.207394308,0.64551171,30838,0.100940734,Metro
36005,Bronx County,New York,1418207,0.594,0.070502512,0.83476974,199005,0.140321547,Metro
36007,Broome County,New York,190488,0.572,0.121255249,0.506606031,24451,0.128359792,Metro
36009,Cattaraugus County,New York,76117,0.491,0.089762527,0.340909743,7732,0.101580462,Non-metro
36011,Cayuga County,New York,76576,0.533,0.081033774,0.44339804,8658,0.113064145,Non-metro
36013,Chautauqua County,New York,126903,0.521,0.104049949,0.389299204,12428,0.097933067,Non-metro
36015,Chemung County,New York,83456,0.525,0.114262964,0.422126364,10932,0.130991181,Metro
36019,Clinton County,New York,80485,0.654,0.092285927,0.518215425,6725,0.083555942,Non-metro
36027,Dutchess County,New York,294218,0.617,0.164754655,0.538922195,35615,0.121049698,Metro
36029,Erie County,New York,918702,0.615,0.144641209,0.564824818,106417,0.115834079,Metro
36045,Jefferson County,New York,109834,0.619,0.083966613,0.394704433,8880,0.080849282,Metro
36047,Kings County,New York,2559903,0.583,0.14976934,0.770121085,327282,0.127849376,Metro
36051,Livingston County,New York,62914,0.536,0.105774382,0.397344034,5727,0.091029024,Metro
36053,Madison County,New York,70941,0.551,0.113785649,0.435013808,6187,0.087213318,Metro
36055,Monroe County,New York,741770,0.643,0.1706801,0.592535625,84297,0.113643043,Metro
36059,Nassau County,New York,1356924,0.705,0.202385444,0.541113276,214370,0.157982319,Metro
36061,New York County,New York,1628706,0.73,0.299492095,0.867803322,168107,0.103215068,Metro
36063,Niagara County,New York,209281,0.593,0.111480491,0.442246349,24031,0.114826477,Metro
36065,Oneida County,New York,228671,0.551,0.096136473,0.412592063,28644,0.125262932,Metro
36067,Onondaga County,New York,460528,0.659,0.15873176,0.59170554,52054,0.113031129,Metro
36069,Ontario County,New York,109777,0.614,0.148040359,0.486392734,9352,0.085190887,Metro
36071,Orange County,New York,384940,0.579,0.12852899,0.492065613,57538,0.149472645,Metro
36075,Oswego County,New York,117124,0.533,0.083359312,0.388009029,11668,0.099620915,Metro
36079,Putnam County,New York,98320,0.65,0.178258009,0.453781665,12492,0.127054516,Metro
36081,Queens County,New York,2253858,0.727,0.110687653,0.722257762,308238,0.136760169,Metro
36083,Rensselaer County,New York,158714,0.629,0.136203589,0.515923888,14808,0.093299898,Metro
36085,Richmond County,New York,476143,0.617,0.133294819,0.42098421,87983,0.184782723,Metro
36087,Rockland County,New York,325789,0.559,0.183178387,0.504106565,53112,0.163025762,Metro
36089,St. Lawrence County,New York,107740,0.545,0.1262904,0.431135458,10524,0.097679599,Non-metro
36091,Saratoga County,New York,229863,0.707,0.190239274,0.516158456,20287,0.088256918,Metro
36093,Schenectady County,New York,155299,0.641,0.118665835,0.567516639,16731,0.107734113,Metro
36101,Steuben County,New York,95379,0.526,0.109467586,0.341937719,10133,0.106239319,Non-metro
36103,Suffolk County,New York,1476601,0.664,0.163912103,0.493844138,239557,0.162235431,Metro
36105,Sullivan County,New York,75432,0.529,0.11526918,0.447051693,8473,0.112326334,Non-metro
36109,Tompkins County,New York,102180,0.709,0.30064114,0.735082541,6504,0.063652378,Metro
36111,Ulster County,New York,177573,0.644,0.147534221,0.595052351,17273,0.097272671,Metro
36113,Warren County,New York,63944,0.698,0.161744342,0.488278763,5460,0.085387214,Metro
36117,Wayne County,New York,89918,0.559,0.079710715,0.390392271,8167,0.090827198,Metro
36119,Westchester County,New York,967506,0.695,0.24303401,0.675949208,143636,0.148460061,Metro
37001,Alamance County,North Carolina,169509,0.509,0.078347384,0.450976293,26115,0.154062616,Metro
37019,Brunswick County,North Carolina,142820,0.55,0.114044299,0.369392847,16115,0.112834337,Metro
37021,Buncombe County,North Carolina,261191,0.581,0.153805508,0.59736088,27813,0.106485292,Metro
37023,Burke County,North Carolina,90485,0.418,0.071641186,0.294112372,15605,0.172459524,Metro
37025,Cabarrus County,North Carolina,216453,0.48,0.113649964,0.44496575,32559,0.150420646,Metro
37027,Caldwell County,North Carolina,82178,0.418,0.070028298,0.239207079,13144,0.159945484,Metro
37031,Carteret County,North Carolina,69473,0.411,0.101693609,0.283241597,8282,0.11921178,Non-metro
37035,Catawba County,North Carolina,159551,0.485,0.065689133,0.307929278,28086,0.176031488,Metro
37037,Chatham County,North Carolina,74470,0.51,0.169615551,0.551184181,6697,0.08992883,Metro
37045,Cleveland County,North Carolina,97947,0.424,0.063575281,0.33045529,18215,0.185967921,Non-metro
37049,Craven County,North Carolina,102139,0.524,0.094394706,0.398530105,14177,0.138801046,Metro
37051,Cumberland County,North Carolina,335509,0.561,0.076537276,0.574033299,44682,0.133176755,Metro
37057,Davidson County,North Carolina,167609,0.415,0.050882145,0.255733556,25564,0.152521643,Metro
37063,Durham County,North Carolina,321488,0.61,0.225148659,0.804206454,34264,0.106579406,Metro
37067,Forsyth County,North Carolina,382295,0.538,0.121979619,0.561598847,51239,0.134030003,Metro
37069,Franklin County,North Carolina,69685,0.439,0.061727309,0.42512918,9807,0.1407333,Metro
37071,Gaston County,North Carolina,224529,0.421,0.063452812,0.354629517,39665,0.176658694,Metro
37081,Guilford County,North Carolina,537174,0.535,0.123469408,0.608416583,67150,0.12500605,Metro
37085,Harnett County,North Carolina,135976,0.34,0.06893634,0.378999194,18276,0.134406072,Non-metro
37089,Henderson County,North Carolina,117417,0.508,0.113297736,0.397990376,15055,0.128218231,Metro
37097,Iredell County,North Carolina,181806,0.448,0.076288196,0.331031249,28518,0.15685951,Metro
37101,Johnston County,North Carolina,209339,0.451,0.060499657,0.370493099,32092,0.153301583,Metro
37109,Lincoln County,North Carolina,86111,0.424,0.071280833,0.264332796,14830,0.172219577,Metro
37119,Mecklenburg County,North Carolina,1110356,0.541,0.15562568,0.666793051,155881,0.140388308,Metro
37125,Moore County,North Carolina,100880,0.512,0.165165468,0.356176829,13525,0.134070182,Non-metro
37127,Nash County,North Carolina,94298,0.507,0.061293308,0.496393794,15212,0.161318374,Metro
37129,New Hanover County,North Carolina,234473,0.551,0.138937822,0.501691572,28505,0.121570501,Metro
37133,Onslow County,North Carolina,197938,0.503,0.072221474,0.335931335,28846,0.145732502,Metro
37135,Orange County,North Carolina,148476,0.663,0.319193339,0.748191113,11716,0.078908376,Metro
37147,Pitt County,North Carolina,180742,0.466,0.124546037,0.539572699,29390,0.162607474,Metro
37151,Randolph County,North Carolina,143667,0.384,0.038428676,0.213023078,21563,0.150090139,Metro
37155,Robeson County,North Carolina,130625,0.358,0.053576434,0.403068577,24814,0.189963636,Non-metro
37157,Rockingham County,North Carolina,91010,0.437,0.051532314,0.334497689,11931,0.131095484,Metro
37159,Rowan County,North Carolina,142088,0.384,0.058418783,0.314870314,26020,0.18312595,Metro
37161,Rutherford County,North Carolina,67029,0.359,0.080816172,0.265328647,11320,0.168882126,Non-metro
37171,Surry County,North Carolina,71783,0.451,0.061076746,0.238031552,12210,0.170095984,Non-metro
37179,Union County,North Carolina,239859,0.476,0.106473989,0.371915335,35964,0.149938089,Metro
37183,Wake County,North Carolina,1111761,0.627,0.198364851,0.622534543,127856,0.115003135,Metro
37191,Wayne County,North Carolina,123131,0.442,0.054297928,0.436015629,15945,0.129496228,Metro
37193,Wilkes County,North Carolina,68412,0.411,0.046466485,0.211780297,10465,0.152970239,Non-metro
37195,Wilson County,North Carolina,81801,0.453,0.042321234,0.509488155,13114,0.160315889,Non-metro
38015,Burleigh County,North Dakota,95626,0.42,0.112937557,0.2827025,21811,0.228086504,Metro
38017,Cass County,North Dakota,181923,0.51,0.128210769,0.468443866,31218,0.171600073,Metro
38035,Grand Forks County,North Dakota,69451,0.497,0.13897824,0.415886342,12776,0.183957034,Metro
38101,Ward County,North Dakota,67641,0.405,0.088096948,0.258195851,12775,0.188864742,Non-metro
39003,Allen County,Ohio,102351,0.381,0.077261901,0.294733992,15905,0.155396625,Metro
39007,Ashtabula County,Ohio,97241,0.462,0.041139609,0.373683376,9658,0.099320246,Non-metro
39009,Athens County,Ohio,65327,0.457,0.175491803,0.566867493,7736,0.118419643,Non-metro
39013,Belmont County,Ohio,67006,0.413,0.060784081,0.276172631,9262,0.138226427,Metro
39017,Butler County,Ohio,383134,0.497,0.107858952,0.372786325,51383,0.134112347,Metro
39023,Clark County,Ohio,134083,0.461,0.093460594,0.374945493,19757,0.14734903,Metro
39025,Clermont County,Ohio,206428,0.505,0.098326078,0.308580739,28106,0.13615401,Metro
39029,Columbiana County,Ohio,101883,0.437,0.035143684,0.267930205,13940,0.136823611,Non-metro
39035,Cuyahoga County,Ohio,1235072,0.57,0.134754329,0.665168539,145725,0.117989073,Metro
39041,Delaware County,Ohio,209177,0.656,0.194246193,0.457959864,24114,0.115280361,Metro
39043,Erie County,Ohio,74266,0.535,0.095224823,0.433692823,10811,0.145571325,Non-metro
39045,Fairfield County,Ohio,157574,0.503,0.091967393,0.374788443,22309,0.141577925,Metro
39049,Franklin County,Ohio,1316756,0.561,0.14466403,0.648840665,163686,0.124310047,Metro
39055,Geauga County,Ohio,93649,0.552,0.151781145,0.378447368,8906,0.095099788,Metro
39057,Greene County,Ohio,168937,0.575,0.196765499,0.392563429,22212,0.131480966,Metro
39061,Hamilton County,Ohio,817473,0.552,0.148043271,0.571476972,105042,0.128495987,Metro
39063,Hancock County,Ohio,75783,0.456,0.098624249,0.303242114,9649,0.12732407,Non-metro
39081,Jefferson County,Ohio,65325,0.445,0.043496489,0.300281758,8531,0.130593188,Metro
39085,Lake County,Ohio,230149,0.584,0.099914407,0.4253653,26907,0.116911218,Metro
39089,Licking County,Ohio,176862,0.489,0.081435944,0.350865089,23820,0.134681277,Metro
39093,Lorain County,Ohio,309833,0.56,0.080463769,0.480617644,35443,0.114393883,Metro
39095,Lucas County,Ohio,428348,0.511,0.101216249,0.575263056,56058,0.130870227,Metro
39099,Mahoning County,Ohio,228683,0.506,0.07432243,0.484516585,30598,0.133800938,Metro
39101,Marion County,Ohio,65093,0.426,0.06869198,0.297253577,11906,0.182907532,Non-metro
39103,Medina County,Ohio,179746,0.57,0.110755163,0.376092606,21941,0.122066694,Metro
39109,Miami County,Ohio,106987,0.422,0.089230895,0.270182157,15487,0.144755905,Metro
39113,Montgomery County,Ohio,531687,0.495,0.113581225,0.50302229,73710,0.138634196,Metro
39119,Muskingum County,Ohio,86215,0.433,0.057962887,0.295835908,14737,0.170933132,Non-metro
39133,Portage County,Ohio,162466,0.51,0.117143813,0.43031422,17857,0.109912228,Metro
39139,Richland County,Ohio,121154,0.389,0.050691898,0.294122551,18500,0.152698219,Metro
39141,Ross County,Ohio,76666,0.45,0.063802035,0.317036548,10532,0.137375108,Non-metro
39145,Scioto County,Ohio,75314,0.434,0.083720668,0.283333853,11432,0.151791168,Non-metro
39151,Stark County,Ohio,370606,0.483,0.07926163,0.399749314,46442,0.125313675,Metro
39153,Summit County,Ohio,541013,0.559,0.11797465,0.540757934,61497,0.113670097,Metro
39155,Trumbull County,Ohio,197974,0.49,0.062106198,0.440777814,22742,0.11487367,Metro
39157,Tuscarawas County,Ohio,91987,0.396,0.051100481,0.292831989,12643,0.137443334,Non-metro
39165,Warren County,Ohio,234602,0.565,0.162589518,0.338493755,32687,0.139329588,Metro
39169,Wayne County,Ohio,115710,0.403,0.083138586,0.306910082,13722,0.118589577,Non-metro
39173,Wood County,Ohio,130817,0.553,0.132385782,0.452934302,17394,0.13296437,Metro
40017,Canadian County,Oklahoma,148306,0.503,0.072580645,0.270293833,22956,0.154788073,Metro
40027,Cleveland County,Oklahoma,284014,0.469,0.119936934,0.41599459,43056,0.151598161,Metro
40031,Comanche County,Oklahoma,120749,0.52,0.102869966,0.385815722,21021,0.174088398,Metro
40037,Creek County,Oklahoma,71522,0.382,0.053728501,0.215603999,11050,0.154497917,Metro
40101,Muskogee County,Oklahoma,67997,0.442,0.059711054,0.32004306,13336,0.1961263,Non-metro
40109,Oklahoma County,Oklahoma,797434,0.559,0.117555901,0.480844134,118645,0.148783473,Metro
40119,Payne County,Oklahoma,81784,0.427,0.142598145,0.36784401,11873,0.145175095,Non-metro
40125,Pottawatomie County,Oklahoma,72592,0.418,0.074925971,0.258116019,12022,0.165610536,Non-metro
40131,Rogers County,Oklahoma,92459,0.408,0.087257708,0.215226809,15620,0.168939746,Metro
40143,Tulsa County,Oklahoma,651552,0.537,0.103993693,0.40871763,106577,0.163574051,Metro
40145,Wagoner County,Oklahoma,81289,0.414,0.078766615,0.239515536,12579,0.154744184,Metro
41003,Benton County,Oregon,93053,0.681,0.250058742,0.678554518,5465,0.058729971,Metro
41005,Clackamas County,Oregon,418187,0.613,0.143018408,0.539597717,29660,0.070925208,Metro
41017,Deschutes County,Oregon,197692,0.616,0.115802929,0.526709999,20211,0.102234789,Metro
41019,Douglas County,Oregon,110980,0.486,0.064153513,0.297751325,12065,0.108713282,Non-metro
41029,Jackson County,Oregon,220944,0.524,0.102533689,0.467723037,22982,0.104017308,Metro
41033,Josephine County,Oregon,87487,0.462,0.073187094,0.357293623,9349,0.106861591,Metro
41035,Klamath County,Oregon,68238,0.455,0.063670093,0.282851386,7965,0.11672382,Non-metro
41039,Lane County,Oregon,382067,0.622,0.128425703,0.604563268,27624,0.072301455,Metro
41043,Linn County,Oregon,129749,0.505,0.044610305,0.364977974,12780,0.098497869,Metro
41047,Marion County,Oregon,347818,0.56,0.07210425,0.488552201,36719,0.105569579,Metro
41051,Multnomah County,Oregon,812855,0.706,0.181172179,0.792067015,55695,0.068517755,Metro
41053,Polk County,Oregon,86085,0.571,0.129653304,0.474560477,7336,0.085218098,Metro
41059,Umatilla County,Oregon,77950,0.485,0.074031845,0.324081361,14451,0.185388069,Non-metro
41067,Washington County,Oregon,601592,0.671,0.164951235,0.655394817,38673,0.064284432,Metro
41071,Yamhill County,Oregon,107100,0.563,0.104508745,0.461178148,8674,0.080989729,Metro
42001,Adams County,Pennsylvania,103009,0.492,0.09090657,0.321031844,12976,0.125969575,Metro
42003,Allegheny County,Pennsylvania,1216045,0.607,0.175810491,0.594314294,128955,0.106044595,Metro
42005,Armstrong County,Pennsylvania,64735,0.529,0.047492583,0.232526808,8581,0.132555804,Metro
42007,Beaver County,Pennsylvania,163929,0.484,0.080186734,0.405027517,21585,0.131672858,Metro
42011,Berks County,Pennsylvania,421164,0.55,0.082865958,0.451955824,57541,0.136623738,Metro
42013,Blair County,Pennsylvania,121829,0.457,0.061176232,0.277317399,16870,0.138472777,Metro
42017,Bucks County,Pennsylvania,628270,0.641,0.17162759,0.516644205,72352,0.115160679,Metro
42019,Butler County,Pennsylvania,187853,0.572,0.124476082,0.3310357,24515,0.130500977,Metro
42021,Cambria County,Pennsylvania,130192,0.504,0.075364634,0.307903761,18876,0.144985867,Metro
42025,Carbon County,Pennsylvania,64182,0.571,0.04601519,0.333402718,8689,0.135380636,Metro
42027,Centre County,Pennsylvania,162385,0.543,0.210990509,0.516885396,20291,0.124956123,Metro
42029,Chester County,Pennsylvania,524989,0.606,0.213484638,0.577578044,50095,0.095421047,Metro
42033,Clearfield County,Pennsylvania,79255,0.458,0.052762543,0.244910877,10951,0.138174248,Non-metro
42037,Columbia County,Pennsylvania,64964,0.569,0.103949108,0.337878156,7653,0.117803707,Metro
42039,Crawford County,Pennsylvania,84629,0.452,0.067808366,0.307684982,10646,0.125796122,Non-metro
42041,Cumberland County,Pennsylvania,253370,0.617,0.160837045,0.439598856,27596,0.108915815,Metro
42043,Dauphin County,Pennsylvania,278299,0.577,0.117792469,0.535957603,34137,0.122663035,Metro
42045,Delaware County,Pennsylvania,566747,0.648,0.17733976,0.62741409,61404,0.108344641,Metro
42049,Erie County,Pennsylvania,269728,0.539,0.096792416,0.498136166,28428,0.105395065,Metro
42051,Fayette County,Pennsylvania,129274,0.528,0.049629952,0.329004329,17355,0.134249733,Metro
42055,Franklin County,Pennsylvania,155027,0.447,0.104829124,0.277558397,21375,0.137879208,Metro
42063,Indiana County,Pennsylvania,84073,0.423,0.098257941,0.306665372,8706,0.103552865,Non-metro
42069,Lackawanna County,Pennsylvania,209674,0.659,0.106832767,0.537137163,22419,0.106923128,Metro
42071,Lancaster County,Pennsylvania,545724,0.569,0.106673171,0.411717459,70127,0.128502686,Metro
42073,Lawrence County,Pennsylvania,85512,0.493,0.072603725,0.346774894,10584,0.123772102,Non-metro
42075,Lebanon County,Pennsylvania,141793,0.5,0.077523913,0.333045729,20258,0.14287024,Metro
42077,Lehigh County,Pennsylvania,369318,0.652,0.116292893,0.532111979,47872,0.12962271,Metro
42079,Luzerne County,Pennsylvania,317417,0.568,0.085262653,0.423118816,40078,0.126262929,Metro
42081,Lycoming County,Pennsylvania,113299,0.481,0.078677707,0.286411044,15852,0.139912974,Metro
42085,Mercer County,Pennsylvania,109424,0.506,0.079454619,0.363512441,13328,0.121801433,Metro
42089,Monroe County,Pennsylvania,170271,0.546,0.092874067,0.525593768,19339,0.113577767,Metro
42091,Montgomery County,Pennsylvania,830915,0.614,0.221419022,0.626299355,84459,0.101645776,Metro
42095,Northampton County,Pennsylvania,305285,0.594,0.110409442,0.496426467,43966,0.144016247,Metro
42097,Northumberland County,Pennsylvania,90843,0.547,0.042325755,0.299813164,12399,0.136488227,Non-metro
42101,Philadelphia County,Pennsylvania,1584064,0.549,0.119084113,0.814416957,180356,0.113856511,Metro
42107,Schuylkill County,Pennsylvania,141359,0.562,0.047341239,0.293571095,18702,0.132301445,Non-metro
42111,Somerset County,Pennsylvania,73447,0.438,0.044673415,0.213452384,10333,0.140686481,Non-metro
42125,Washington County,Pennsylvania,206865,0.579,0.1090594,0.380560104,24995,0.120827593,Metro
42129,Westmoreland County,Pennsylvania,348899,0.534,0.108506668,0.351534971,43931,0.12591323,Metro
42133,York County,Pennsylvania,449058,0.543,0.088631544,0.369495662,60866,0.135541511,Metro
44003,Kent County,Rhode Island,164292,0.702,0.12180914,0.527569205,22405,0.136373043,Metro
44005,Newport County,Rhode Island,82082,0.703,0.193649744,0.638944266,8693,0.105906289,Metro
44007,Providence County,Rhode Island,638931,0.62,0.108741265,0.605177744,113967,0.178371373,Metro
44009,Washington County,Rhode Island,125577,0.703,0.179014864,0.585708651,13915,0.110808508,Metro
45003,Aiken County,South Carolina,170872,0.41,0.094580924,0.378881258,26785,0.156754764,Metro
45007,Anderson County,South Carolina,202558,0.36,0.069250718,0.282736516,36209,0.178758677,Metro
45013,Beaufort County,South Carolina,192122,0.585,0.175547148,0.443798232,27051,0.140801158,Metro
45015,Berkeley County,South Carolina,227907,0.413,0.086313202,0.432929981,30866,0.135432435,Metro
45019,Charleston County,South Carolina,411406,0.573,0.154888091,0.555088482,64747,0.157379815,Metro
45031,Darlington County,South Carolina,66618,0.429,0.080023939,0.46950674,11868,0.17815005,Metro
45035,Dorchester County,South Carolina,162809,0.464,0.103532347,0.437692487,33609,0.206432077,Metro
45041,Florence County,South Carolina,138293,0.481,0.09012089,0.482917377,26497,0.191600443,Metro
45045,Greenville County,South Carolina,523542,0.482,0.135475492,0.399101315,104068,0.198776793,Metro
45047,Greenwood County,South Carolina,70811,0.435,0.09933162,0.379460101,12257,0.173094576,Non-metro
45051,Horry County,South Carolina,354081,0.505,0.076180349,0.329246039,61611,0.174002559,Metro
45055,Kershaw County,South Carolina,66551,0.508,0.090349306,0.377620506,11885,0.178584845,Metro
45057,Lancaster County,South Carolina,98012,0.387,0.090986931,0.37974252,15851,0.161725095,Metro
45059,Laurens County,South Carolina,67493,0.343,0.057708126,0.333213067,11501,0.170402857,Metro
45063,Lexington County,South Carolina,298750,0.482,0.106552749,0.34102291,53927,0.180508787,Metro
45073,Oconee County,South Carolina,79546,0.409,0.110055438,0.256073571,15354,0.193020391,Non-metro
45075,Orangeburg County,South Carolina,86175,0.486,0.088937978,0.662419609,14449,0.167670438,Non-metro
45077,Pickens County,South Carolina,126884,0.417,0.10580499,0.237114656,27518,0.216875256,Metro
45079,Richland County,South Carolina,415759,0.536,0.152256199,0.683978083,68487,0.164727643,Metro
45083,Spartanburg County,South Carolina,319785,0.386,0.094995919,0.356032424,61266,0.191584971,Metro
45085,Sumter County,South Carolina,106721,0.434,0.068855917,0.559668847,15996,0.149886152,Metro
45091,York County,South Carolina,280979,0.414,0.114204763,0.409635543,46415,0.165190281,Metro
46099,Minnehaha County,South Dakota,193134,0.532,0.101201888,0.438468037,37008,0.191618255,Metro
46103,Pennington County,South Dakota,113775,0.414,0.116902378,0.358253069,20272,0.178176225,Metro
47001,Anderson County,Tennessee,76978,0.49,0.10962374,0.330081529,12853,0.166969784,Metro
47009,Blount County,Tennessee,133088,0.464,0.086740857,0.269212869,23571,0.177108379,Metro
47011,Bradley County,Tennessee,108110,0.362,0.095997777,0.214782514,22008,0.203570438,Metro
47037,Davidson County,Tennessee,694144,0.566,0.146836106,0.644914712,120472,0.173554767,Metro
47059,Greene County,Tennessee,69069,0.416,0.051200935,0.185103429,13531,0.195905544,Non-metro
47065,Hamilton County,Tennessee,367804,0.502,0.10859117,0.441357466,63208,0.1718524,Metro
47093,Knox County,Tennessee,470313,0.531,0.147954318,0.414506973,78054,0.165961817,Metro
47113,Madison County,Tennessee,97984,0.484,0.109197463,0.428172293,17525,0.178855732,Metro
47119,Maury County,Tennessee,96387,0.565,0.072744768,0.309021154,19281,0.200037349,Metro
47125,Montgomery County,Tennessee,208993,0.496,0.105538916,0.423043852,32690,0.156416722,Metro
47141,Putnam County,Tennessee,80245,0.454,0.097629989,0.273420058,16613,0.207028475,Non-metro
47147,Robertson County,Tennessee,71813,0.454,0.073177436,0.257792805,14011,0.195103951,Metro
47149,Rutherford County,Tennessee,332285,0.462,0.099157268,0.412439706,61447,0.184922582,Metro
47155,Sevier County,Tennessee,98250,0.44,0.050687248,0.20032158,19929,0.202839695,Non-metro
47157,Shelby County,Tennessee,937166,0.46,0.133053002,0.644161181,143620,0.153249264,Metro
47163,Sullivan County,Tennessee,158348,0.502,0.09031433,0.232284788,26515,0.167447647,Metro
47165,Sumner County,Tennessee,191283,0.42,0.092445903,0.298823275,34051,0.178013728,Metro
47179,Washington County,Tennessee,129375,0.526,0.13857716,0.309585901,21501,0.166191304,Metro
47187,Williamson County,Tennessee,238412,0.581,0.239400463,0.360828969,39443,0.165440498,Metro
47189,Wilson County,Tennessee,144657,0.463,0.08658448,0.299394592,26940,0.186233642,Metro
48005,Angelina County,Texas,86715,0,0.054598305,0.264447273,13665,0.157585193,Non-metro
48021,Bastrop County,Texas,88723,0,0.067150536,0.422037365,14272,0.160860205,Metro
48027,Bell County,Texas,362924,0,0.093069806,0.447607458,38307,0.105551024,Metro
48029,Bexar County,Texas,2003554,0,0.103196576,0.583198951,318126,0.158780846,Metro
48037,Bowie County,Texas,93245,0,0.072032951,0.280886542,12660,0.135771355,Metro
48039,Brazoria County,Texas,374264,0,0.119438246,0.401512414,59168,0.158091614,Metro
48041,Brazos County,Texas,229211,0,0.18144069,0.415572354,38445,0.167727552,Metro
48061,Cameron County,Texas,423163,0,0.052610602,0.561099725,65381,0.154505474,Metro
48085,Collin County,Texas,1034730,0,0.18631576,0.469194419,128184,0.123881592,Metro
48091,Comal County,Texas,156209,0,0.131639416,0.279373868,19224,0.123065892,Metro
48099,Coryell County,Texas,75951,0,0.050894285,0.322051937,10734,0.141327961,Metro
48113,Dallas County,Texas,2635516,0,0.109959899,0.649469748,401005,0.152154265,Metro
48121,Denton County,Texas,887207,0,0.156664197,0.451462327,106088,0.119575251,Metro
48135,Ector County,Texas,166223,0,0.034315678,0.254974092,25574,0.153853558,Metro
48139,Ellis County,Texas,184826,0,0.066012896,0.322424058,33106,0.179119821,Metro
48141,El Paso County,Texas,839238,0,0.079142617,0.6666018,147728,0.176026348,Metro
48157,Fort Bend County,Texas,811688,0,0.182261324,0.546977181,98905,0.121851007,Metro
48167,Galveston County,Texas,342139,0,0.111623378,0.379478911,63752,0.186333625,Metro
48181,Grayson County,Texas,136212,0,0.062896418,0.24404852,16094,0.118154054,Metro
48183,Gregg County,Texas,123945,0,0.052999476,0.308365637,19123,0.154286175,Metro
48187,Guadalupe County,Texas,166847,0,0.097481521,0.371236725,24230,0.145222869,Metro
48201,Harris County,Texas,4713325,0,0.110608151,0.559594666,570901,0.121124896,Metro
48203,Harrison County,Texas,66553,0,0.05687885,0.266173006,9103,0.136778207,Non-metro
48209,Hays County,Texas,230191,0,0.136902336,0.544309006,32638,0.141786603,Metro
48213,Henderson County,Texas,82737,0,0.077231851,0.194436794,9661,0.116767589,Non-metro
48215,Hidalgo County,Texas,868707,0,0.053727438,0.580390612,114298,0.131572556,Metro
48231,Hunt County,Texas,98594,0,0.09331189,0.230880904,10845,0.109996552,Metro
48245,Jefferson County,Texas,251565,0,0.060547939,0.486315034,31556,0.125438753,Metro
48251,Johnson County,Texas,175817,0,0.053668373,0.228650788,28085,0.159739957,Metro
48257,Kaufman County,Texas,136154,0,0.082805954,0.324586001,23722,0.174229182,Metro
48291,Liberty County,Texas,88219,0,0.014908636,0.197211427,12661,0.143517836,Metro
48303,Lubbock County,Texas,310569,0,0.109569235,0.331346101,65182,0.209879286,Metro
48309,McLennan County,Texas,256623,0,0.08185845,0.375244193,41948,0.163461576,Metro
48329,Midland County,Texas,176832,0,0.073440019,0.209477368,25488,0.144136808,Metro
48339,Montgomery County,Texas,607391,0,0.109994967,0.273997885,87269,0.143678454,Metro
48347,Nacogdoches County,Texas,65204,0,0.097914514,0.33628517,7739,0.118689037,Non-metro
48355,Nueces County,Texas,362294,0,0.073949423,0.478541244,61175,0.168854577,Metro
48361,Orange County,Texas,83396,0,0.026036866,0.176612769,13654,0.163724879,Metro
48367,Parker County,Texas,142878,0,0.075647084,0.170988335,24016,0.168087459,Metro
48375,Potter County,Texas,117415,0,0.053367316,0.297740164,23201,0.197598263,Metro
48381,Randall County,Texas,137713,0,0.086532932,0.197946625,23419,0.170056567,Metro
48397,Rockwall County,Texas,104915,0,0.170319656,0.304540647,17463,0.16644903,Metro
48409,San Patricio County,Texas,66730,0,0.058227493,0.347187886,6936,0.103941256,Metro
48423,Smith County,Texas,232751,0,0.083319308,0.295928054,36127,0.155217378,Metro
48439,Tarrant County,Texas,2102515,0,0.102899377,0.493073534,358283,0.17040687,Metro
48441,Taylor County,Texas,138034,0,0.090767086,0.264697344,22620,0.163872669,Metro
48451,Tom Green County,Texas,119200,0,0.07831341,0.270714444,19405,0.162793624,Metro
48453,Travis County,Texas,1273954,0,0.178125794,0.714116022,118671,0.093151715,Metro
48469,Victoria County,Texas,92084,0,0.067891722,0.303615304,13039,0.141598975,Metro
48471,Walker County,Texas,72971,0,0.069338001,0.333898018,11595,0.158898741,Non-metro
48479,Webb County,Texas,276652,0,0.051971526,0.611430326,56634,0.204712057,Metro
48485,Wichita County,Texas,132230,0,0.05771846,0.285922225,21692,0.164047493,Metro
48491,Williamson County,Texas,590551,0,0.134798213,0.497023974,75561,0.127949999,Metro
48497,Wise County,Texas,69984,0,0.055017053,0.153667882,11184,0.159807956,Metro
49005,Cache County,Utah,128289,0.471,0.136101147,0.289208108,21252,0.165657227,Metro
49011,Davis County,Utah,355481,0.551,0.124234406,0.33792048,53585,0.150739421,Metro
49035,Salt Lake County,Utah,1160437,0.581,0.131501445,0.535697325,191461,0.16499043,Metro
49045,Tooele County,Utah,72259,0.476,0.094686089,0.283742623,11576,0.160201497,Metro
49049,Utah County,Utah,636235,0.451,0.128886013,0.267270107,123644,0.194336998,Metro
49053,Washington County,Utah,177556,0.437,0.094530704,0.226911004,20522,0.115580437,Metro
49057,Weber County,Utah,260213,0.492,0.082291748,0.365167531,41325,0.158812204,Metro
50007,Chittenden County,Vermont,163774,0.643,0.200874054,0.757832482,10961,0.066927595,Metro
51003,Albemarle County,Virginia,109330,0.591,0.229712042,0.656788901,7929,0.072523553,Metro
51013,Arlington County,Virginia,236842,0.677,0.404515408,0.806004637,18415,0.077752257,Metro
51015,Augusta County,Virginia,75558,0.457,0.098856905,0.256398127,10041,0.132891289,Metro
51019,Bedford County,Virginia,78997,0.412,0.106766708,0.250179786,9794,0.123979392,Metro
51041,Chesterfield County,Virginia,352802,0.51,0.144557772,0.524489416,39113,0.110863884,Metro
51059,Fairfax County,Virginia,1147532,0.686,0.305572635,0.698946279,91190,0.079466194,Metro
51061,Fauquier County,Virginia,71222,0.536,0.119143324,0.402304116,6867,0.096416837,Metro
51069,Frederick County,Virginia,89313,0.439,0.105646232,0.353304725,11440,0.128088856,Metro
51085,Hanover County,Virginia,107766,0.548,0.129133923,0.356602364,11614,0.10777054,Metro
51087,Henrico County,Virginia,330818,0.516,0.189347783,0.636476806,34044,0.102908548,Metro
51095,James City County,Virginia,76523,0.509,0.234802029,0.514953045,6945,0.090757027,Metro
51107,Loudoun County,Virginia,413538,0.627,0.27330339,0.61536409,33816,0.081772413,Metro
51121,Montgomery County,Virginia,98535,0.426,0.220634048,0.515531674,11669,0.118424925,Metro
51153,Prince William County,Virginia,470335,0.627,0.163085786,0.626438243,54568,0.116019433,Metro
51161,Roanoke County,Virginia,94186,0.475,0.109485159,0.381243005,11691,0.124126728,Metro
51165,Rockingham County,Virginia,81948,0.407,0.105123075,0.288603319,9265,0.113059501,Metro
51177,Spotsylvania County,Virginia,136215,0.419,0.121328036,0.455501414,14829,0.108864662,Metro
51179,Stafford County,Virginia,152882,0.485,0.163849043,0.505431711,15767,0.103131827,Metro
51199,York County,Virginia,68280,0.518,0.194465155,0.455900173,5409,0.079217926,Metro
51510,City of Alexandria,Virginia,159428,0.561,0.311679882,0.802831241,14132,0.088641895,Metro
51550,City of Chesapeake,Virginia,244835,0.413,0.141423125,0.52220946,28528,0.116519289,Metro
51650,City of Hampton,Virginia,134510,0.54,0.117304282,0.701355063,14878,0.110608877,Metro
51680,City of Lynchburg,Virginia,82168,0.303,0.123976792,0.496328686,11701,0.142403369,Metro
51700,City of Newport News,Virginia,179225,0.474,0.086975224,0.653904412,20372,0.113667178,Metro
51710,City of Norfolk,Virginia,242742,0.472,0.111370773,0.716947965,24178,0.099603694,Metro
51740,City of Portsmouth,Virginia,94398,0.813,0.077142542,0.694181508,12505,0.132471027,Metro
51760,City of Richmond,Virginia,230436,0.406,0.155619981,0.829217607,23649,0.102627194,Metro
51770,City of Roanoke,Virginia,99143,0.393,0.100093886,0.617985827,11953,0.120563227,Metro
51800,City of Suffolk,Virginia,92108,0.451,0.116087308,0.577656017,10803,0.117286229,Metro
51810,City of Virginia Beach,Virginia,449974,0.517,0.130974223,0.515874864,49303,0.109568553,Metro
53005,Benton County,Washington,204390,0.492,0.119444293,0.375666049,30883,0.15109839,Metro
53007,Chelan County,Washington,77200,0.625,0.099251412,0.446797211,10949,0.141826425,Metro
53009,Clallam County,Washington,77331,0.619,0.122272022,0.501806593,4696,0.06072597,Non-metro
53011,Clark County,Washington,488241,0.57,0.109023748,0.509522409,40651,0.083260111,Metro
53015,Cowlitz County,Washington,110593,0.523,0.072600503,0.39711347,13164,0.119031042,Metro
53021,Franklin County,Washington,95222,0.44,0.047137796,0.411677571,20010,0.210140514,Metro
53025,Grant County,Washington,97733,0.491,0.062872478,0.313667728,15727,0.160918011,Non-metro
53027,Grays Harbor County,Washington,75061,0.522,0.045799074,0.451445072,8523,0.113547648,Non-metro
53029,Island County,Washington,85141,0.585,0.12795172,0.54173389,3852,0.045242598,Non-metro
53033,King County,Washington,2252782,0.708,0.206880863,0.749528916,160822,0.071388177,Metro
53035,Kitsap County,Washington,271473,0.576,0.120238649,0.568953565,16483,0.060716904,Metro
53041,Lewis County,Washington,80707,0.451,0.077542745,0.320466133,9816,0.121625138,Non-metro
53053,Pierce County,Washington,904980,0.555,0.092953874,0.537634594,90420,0.09991381,Metro
53057,Skagit County,Washington,129205,0.592,0.100732184,0.520981164,10725,0.083007624,Metro
53061,Snohomish County,Washington,822083,0.611,0.097921796,0.585073702,63613,0.077380265,Metro
53063,Spokane County,Washington,522798,0.536,0.112575932,0.459550486,70503,0.134857058,Metro
53067,Thurston County,Washington,290536,0.581,0.136266067,0.574589316,20007,0.068862379,Metro
53073,Whatcom County,Washington,229247,0.641,0.109274402,0.603520416,15911,0.069405488,Metro
53077,Yakima County,Washington,250873,0.53,0.069564015,0.448878817,42712,0.170253475,Metro
54003,Berkeley County,West Virginia,119171,0.306,0.063654794,0.3334821,18194,0.152671371,Metro
54011,Cabell County,West Virginia,91945,0.219,0.101043383,0.40133833,14706,0.159943444,Metro
54033,Harrison County,West Virginia,67256,0.209,0.084740139,0.302478254,10895,0.161992982,Non-metro
54039,Kanawha County,West Virginia,178124,0.315,0.099196945,0.417586693,24103,0.135315847,Metro
54061,Monongalia County,West Virginia,105612,0.157,0.193435422,0.482078342,12832,0.121501345,Metro
54081,Raleigh County,West Virginia,73361,0.215,0.064715581,0.241104332,11123,0.151620071,Metro
54107,Wood County,West Virginia,83518,0.394,0.083134842,0.281874,12833,0.153655499,Metro
55009,Brown County,Wisconsin,264542,0.571,0.116202937,0.454883798,45333,0.171364093,Metro
55025,Dane County,Wisconsin,546695,0.734,0.214757134,0.754616565,57264,0.104745791,Metro
55027,Dodge County,Wisconsin,87839,0.463,0.04738575,0.337682715,15915,0.181183757,Non-metro
55035,Eau Claire County,Wisconsin,104646,0.555,0.128772021,0.542599743,16071,0.15357491,Metro
55039,Fond du Lac County,Wisconsin,103403,0.495,0.078408239,0.359609439,17883,0.172944692,Metro
55055,Jefferson County,Wisconsin,84769,0.512,0.086264259,0.414848163,11708,0.138116528,Non-metro
55059,Kenosha County,Wisconsin,169561,0.525,0.087965179,0.475478375,23758,0.140114767,Metro
55063,La Crosse County,Wisconsin,118016,0.611,0.097871948,0.55750987,17147,0.145293858,Metro
55071,Manitowoc County,Wisconsin,78981,0.541,0.056237777,0.375158937,11565,0.146427622,Non-metro
55073,Marathon County,Wisconsin,135692,0.535,0.091569938,0.401401936,20847,0.153634702,Metro
55079,Milwaukee County,Wisconsin,945726,0.555,0.11419096,0.691263718,149833,0.158431723,Metro
55087,Outagamie County,Wisconsin,187885,0.569,0.098746776,0.441271223,30210,0.160789845,Metro
55089,Ozaukee County,Wisconsin,89221,0.642,0.198505507,0.431268907,12266,0.137478845,Metro
55097,Portage County,Wisconsin,70772,0.555,0.090868607,0.503115533,9415,0.133032838,Non-metro
55101,Racine County,Wisconsin,196311,0.533,0.095115178,0.471193319,31389,0.159894249,Metro
55105,Rock County,Wisconsin,163354,0.612,0.066130085,0.546602624,22106,0.135325734,Metro
55109,St. Croix County,Wisconsin,90687,0.436,0.11491389,0.408944222,12738,0.140461147,Metro
55117,Sheboygan County,Wisconsin,115340,0.548,0.075552611,0.410552787,17996,0.156025663,Metro
55127,Walworth County,Wisconsin,103868,0.481,0.111093233,0.395642361,15408,0.148342127,Non-metro
55131,Washington County,Wisconsin,136034,0.518,0.087459611,0.302600204,22252,0.163576753,Metro
55133,Waukesha County,Wisconsin,404198,0.625,0.150735021,0.387714742,61985,0.15335306,Metro
55139,Winnebago County,Wisconsin,171907,0.544,0.090292152,0.468563893,27126,0.157794622,Metro
55141,Wood County,Wisconsin,72999,0.549,0.076759958,0.396266163,10459,0.143275935,Non-metro
56021,Laramie County,Wyoming,99500,0.468,0.118702369,0.338290872,15395,0.154723618,Metro
56025,Natrona County,Wyoming,79858,0.38,0.084609487,0.242315778,14234,0.178241378,Metro
